index,pdelay
0,0.006763527054108216
1,0.04333667334669339
2,0.059619238476953905
3,0.07214428857715431
4,0.07389779559118237
5,0.08867735470941884
6,0.08216432865731463
7,0.07765531062124248
8,0.07965931863727455
9,0.08166332665330661
10,0.06513026052104208
11,0.05285571142284569
12,0.04634268537074148
13,0.03982965931863727
14,0.029809619238476952
15,0.027304609218436873
16,0.019789579158316632
17,0.021292585170340682
18,0.012274549098196393
19,0.009769539078156312
20,0.01002004008016032
