country,idx,iteration,rhat
France,0,0,1.1260267695729262
France,0,1,8.403015139359262
France,0,2,1.156554702270652
France,0,3,7.949076182968338
France,0,4,7.888007868214583
Italy,0,0,1.3413252962111357
Italy,0,1,1.6849659617835326
Italy,0,2,9.030133280210908
Italy,0,3,1.2777174896682006
Italy,0,4,1.4561811305510903
Poland,0,0,1.4307543080748588
Poland,0,1,1.1172872629092243
Poland,0,2,1.3186548873261397
Poland,0,3,1.7034348214347677
Poland,0,4,1.0318532596236625
